<prezi version="2" xmlns="http://prezi.com/schema/prezi/2" xmlns:xsi="http://www.w3.org/2001/XMLSchema-instance" xsi:schemaLocation="http://prezi.com/schema/prezi/2 http://prezi.com/schema/prezi/2"><xFields><xField name="preziType"><xEnum type="PreziType" value="converted-from-core"/></xField></xFields><aspectRatio><aspectRatio value="16:9"/></aspectRatio><background><background><layers><array><backgroundSwfGraphics><assetSourceFilename><string value="prezi_template_bond_background_final_x.swf"/></assetSourceFilename><depth><double value="115.03723106976678"/></depth><fadeScale><double value="0.019124243338800143"/></fadeScale><height><double value="1584"/></height><localToWorld><transform2D x="8433.410700567165" y="38650.0267186478" scale="164.32588675719157" rotation="0"/></localToWorld><offlineAssetId><string value="4221407852"/></offlineAssetId><onlineAssetId><string value="4221407852"/></onlineAssetId><onlineAssetUrl><string value="http://0103.static.prezi.com.s3.amazonaws.com/media/d/5/4/5de26d4825f4fb0bb7d769e67b82981f70c0f.swf"/></onlineAssetUrl><width><double value="2465"/></width></backgroundSwfGraphics></array></layers></background></background><documentStyle><documentStyle><fontClasses><array><fontClass><fontFamily><string value="WayRale"/></fontFamily><name><string value="body"/></name></fontClass><fontClass><fontFamily><string value="WayRale"/></fontFamily><fontWeight><fontWeight value="bold"/></fontWeight><name><string value="head"/></name></fontClass><fontClass><fontFamily><string value="WayRale"/></fontFamily><fontWeight><fontWeight value="bold"/></fontWeight><name><string value="strong"/></name></fontClass></array></fontClasses><fontFamilies><array><fontFamily><fontFaces><array><fontFace><fontSrc><string value="WayRale-Regular.keg"/></fontSrc></fontFace><fontFace><fontSrc><string value="WayRale-Bold.keg"/></fontSrc><fontWeight><fontWeight value="bold"/></fontWeight></fontFace><fontFace><fontSrc><string value="WayRale-Bold.keg"/></fontSrc><fontWeight><fontWeight value="bold"/></fontWeight></fontFace><fontFace><fontSrc><string value="WayRale-BoldItalic.keg"/></fontSrc><fontStyle><fontStyle value="italic"/></fontStyle><fontWeight><fontWeight value="bold"/></fontWeight></fontFace><fontFace><fontSrc><string value="WayRale-Italic.keg"/></fontSrc><fontStyle><fontStyle value="italic"/></fontStyle></fontFace></array></fontFaces><name><string value="WayRale"/></name></fontFamily></array></fontFamilies><styleDeclarations><array><styleDeclaration><styleBlock><styleBlock><gradEndAlpha><double value="0.7"/></gradEndAlpha><gradStartAlpha><double value="0.5"/></gradStartAlpha></styleBlock></styleBlock><styleSelector><simpleSelector value="zCircle"/></styleSelector></styleDeclaration><styleDeclaration><styleBlock><styleBlock><color><color value="#000000"/></color><fillType><fillType value="linear"/></fillType><gradEndColor><color value="#000000"/></gradEndColor><gradStartColor><color value="#000000"/></gradStartColor></styleBlock></styleBlock><styleSelector><simpleSelector value="*.line1"/></styleSelector></styleDeclaration><styleDeclaration><styleBlock><styleBlock><color><color value="#666666"/></color><fillType><fillType value="linear"/></fillType><gradEndColor><color value="#666666"/></gradEndColor><gradStartColor><color value="#666666"/></gradStartColor></styleBlock></styleBlock><styleSelector><simpleSelector value="*.line2"/></styleSelector></styleDeclaration><styleDeclaration><styleBlock><styleBlock><color><color value="#FFFFFF"/></color><fillType><fillType value="linear"/></fillType><gradEndColor><color value="#FFFFFF"/></gradEndColor><gradStartColor><color value="#FFFFFF"/></gradStartColor></styleBlock></styleBlock><styleSelector><simpleSelector value="*.line3"/></styleSelector></styleDeclaration><styleDeclaration><styleBlock><styleBlock><color><color value="#318BFF"/></color><fillType><fillType value="linear"/></fillType><gradEndColor><color value="#318BFF"/></gradEndColor><gradStartColor><color value="#318BFF"/></gradStartColor></styleBlock></styleBlock><styleSelector><simpleSelector value="*.line4"/></styleSelector></styleDeclaration><styleDeclaration><styleBlock><styleBlock><color><color value="#EF4C33"/></color><fillType><fillType value="linear"/></fillType><gradEndColor><color value="#F16A21"/></gradEndColor><gradStartColor><color value="#EF4C33"/></gradStartColor></styleBlock></styleBlock><styleSelector><simpleSelector value="*.line5"/></styleSelector></styleDeclaration><styleDeclaration><styleBlock><styleBlock><color><color value="#27AAE1"/></color><fillType><fillType value="linear"/></fillType><gradEndColor><color value="#000000"/></gradEndColor><gradStartColor><color value="#000000"/></gradStartColor></styleBlock></styleBlock><styleSelector><simpleSelector value="*.poly1"/></styleSelector></styleDeclaration><styleDeclaration><styleBlock><styleBlock><color><color value="#27AAE1"/></color><fillType><fillType value="linear"/></fillType><gradEndColor><color value="#666666"/></gradEndColor><gradStartColor><color value="#666666"/></gradStartColor></styleBlock></styleBlock><styleSelector><simpleSelector value="*.poly2"/></styleSelector></styleDeclaration><styleDeclaration><styleBlock><styleBlock><color><color value="#27AAE1"/></color><fillType><fillType value="linear"/></fillType><gradEndColor><color value="#FFFFFF"/></gradEndColor><gradStartColor><color value="#FFFFFF"/></gradStartColor></styleBlock></styleBlock><styleSelector><simpleSelector value="*.poly3"/></styleSelector></styleDeclaration><styleDeclaration><styleBlock><styleBlock><color><color value="#27AAE1"/></color><fillType><fillType value="linear"/></fillType><gradEndColor><color value="#318BFF"/></gradEndColor><gradStartColor><color value="#318BFF"/></gradStartColor></styleBlock></styleBlock><styleSelector><simpleSelector value="*.poly4"/></styleSelector></styleDeclaration><styleDeclaration><styleBlock><styleBlock><color><color value="#27AAE1"/></color><fillType><fillType value="linear"/></fillType><gradEndColor><color value="#F16A21"/></gradEndColor><gradStartColor><color value="#EF4C33"/></gradStartColor></styleBlock></styleBlock><styleSelector><simpleSelector value="*.poly5"/></styleSelector></styleDeclaration><styleDeclaration><styleBlock><styleBlock><fillType><fillType value="linear"/></fillType><gradEndColor><color value="#27AAE1"/></gradEndColor><gradStartColor><color value="#27AAE1"/></gradStartColor></styleBlock></styleBlock><styleSelector><simpleSelector value="background"/></styleSelector></styleDeclaration><styleDeclaration><styleBlock><styleBlock><borderAlpha><double value="0"/></borderAlpha><borderThickness><double value="0"/></borderThickness><fillType><fillType value="linear"/></fillType><gradEndAlpha><double value="1"/></gradEndAlpha><gradEndColor><color value="#FFFFFF"/></gradEndColor><gradStartAlpha><double value="1"/></gradStartAlpha><gradStartColor><color value="#FFFFFF"/></gradStartColor><thickness><double value="10"/></thickness></styleBlock></styleBlock><styleSelector><simpleSelector value="zArrow"/></styleSelector></styleDeclaration><styleDeclaration><styleBlock><styleBlock><borderAlpha><double value="0"/></borderAlpha><gradEndAlpha><double value="1"/></gradEndAlpha><gradStartAlpha><double value="1"/></gradStartAlpha><radius><double value="0"/></radius><thickness><double value="100"/></thickness></styleBlock></styleBlock><styleSelector><simpleSelector value="zCircle"/></styleSelector></styleDeclaration><styleDeclaration><styleBlock><styleBlock><color><color value="#FFFFFF"/></color></styleBlock></styleBlock><styleSelector><simpleSelector value="zPencil"/></styleSelector></styleDeclaration><styleDeclaration><styleBlock><styleBlock><borderAlpha><double value="0"/></borderAlpha><borderColor><color value="#333333"/></borderColor><borderThickness><double value="0"/></borderThickness><fillType><fillType value="linear"/></fillType><gradEndAlpha><double value="1"/></gradEndAlpha><gradEndColor><color value="#000000"/></gradEndColor><gradStartAlpha><double value="1"/></gradStartAlpha><gradStartColor><color value="#000000"/></gradStartColor><padding><double value="1.03"/></padding><thickness><double value="5"/></thickness></styleBlock></styleBlock><styleSelector><simpleSelector value="zBracketFrame"/></styleSelector></styleDeclaration><styleDeclaration><styleBlock><styleBlock><borderAlpha><double value="0"/></borderAlpha><borderColor><color value="#333333"/></borderColor><borderThickness><double value="0"/></borderThickness><fillType><fillType value="linear"/></fillType><gradEndAlpha><double value="1"/></gradEndAlpha><gradEndColor><color value="#FFFFFF"/></gradEndColor><gradStartAlpha><double value="1"/></gradStartAlpha><gradStartColor><color value="#FFFFFF"/></gradStartColor><padding><double value="1.03"/></padding><thickness><double value="100"/></thickness></styleBlock></styleBlock><styleSelector><simpleSelector value="zCircleFrame"/></styleSelector></styleDeclaration><styleDeclaration><styleBlock><styleBlock><borderAlpha><double value="0"/></borderAlpha><borderColor><color value="#000000"/></borderColor><borderThickness><double value="0"/></borderThickness><fillType><fillType value="linear"/></fillType><gradEndAlpha><double value="0.7"/></gradEndAlpha><gradEndColor><color value="#FFFFFF"/></gradEndColor><gradStartAlpha><double value="0.7"/></gradStartAlpha><gradStartColor><color value="#FFFFFF"/></gradStartColor><padding><double value="1.03"/></padding><radius><double value="1"/></radius><thickness><double value="3"/></thickness></styleBlock></styleBlock><styleSelector><simpleSelector value="zRectangleFrame"/></styleSelector></styleDeclaration><styleDeclaration><styleBlock><styleBlock><padding><double value="1.2"/></padding></styleBlock></styleBlock><styleSelector><simpleSelector value="zText"/></styleSelector></styleDeclaration><styleDeclaration><styleBlock><styleBlock><color><color value="#000000"/></color><fontClass><string value="body"/></fontClass></styleBlock></styleBlock><styleSelector><simpleSelector value="zText.body"/></styleSelector></styleDeclaration><styleDeclaration><styleBlock><styleBlock><backgroundAlpha><double value="0.9"/></backgroundAlpha><backgroundColor><color value="#CCCCCC"/></backgroundColor><backgroundPadding><double value="6"/></backgroundPadding></styleBlock></styleBlock><styleSelector><simpleSelector value="zText.body-background"/></styleSelector></styleDeclaration><styleDeclaration><styleBlock><styleBlock><color><color value="#FFFFFF"/></color><fontClass><string value="head"/></fontClass></styleBlock></styleBlock><styleSelector><simpleSelector value="zText.title"/></styleSelector></styleDeclaration><styleDeclaration><styleBlock><styleBlock><backgroundAlpha><double value="1"/></backgroundAlpha><backgroundColor><color value="#000000"/></backgroundColor><backgroundPadding><double value="6"/></backgroundPadding></styleBlock></styleBlock><styleSelector><simpleSelector value="zText.title-background"/></styleSelector></styleDeclaration><styleDeclaration><styleBlock><styleBlock><color><color value="#000000"/></color><fontClass><string value="strong"/></fontClass></styleBlock></styleBlock><styleSelector><simpleSelector value="zText.subtitle"/></styleSelector></styleDeclaration><styleDeclaration><styleBlock><styleBlock><backgroundAlpha><double value="1"/></backgroundAlpha><backgroundColor><color value="#318BFF"/></backgroundColor><backgroundPadding><double value="6"/></backgroundPadding></styleBlock></styleBlock><styleSelector><simpleSelector value="zText.subtitle-background"/></styleSelector></styleDeclaration><styleDeclaration><styleBlock><styleBlock><color><color value="#FFFFFF"/></color></styleBlock></styleBlock><styleSelector><simpleSelector value="zLine"/></styleSelector></styleDeclaration><styleDeclaration><styleBlock><styleBlock><alpha><double value="0.65"/></alpha><color><color value="#E80B76"/></color></styleBlock></styleBlock><styleSelector><simpleSelector value="zMarker"/></styleSelector></styleDeclaration><styleDeclaration><styleBlock><styleBlock><borderAlpha><double value="0"/></borderAlpha><gradEndAlpha><double value="1"/></gradEndAlpha><gradStartAlpha><double value="1"/></gradStartAlpha><radius><double value="0"/></radius><thickness><double value="100"/></thickness></styleBlock></styleBlock><styleSelector><simpleSelector value="zTriangle"/></styleSelector></styleDeclaration><styleDeclaration><styleBlock><styleBlock><borderAlpha><double value="0"/></borderAlpha><gradEndAlpha><double value="1"/></gradEndAlpha><gradStartAlpha><double value="1"/></gradStartAlpha><radius><double value="0"/></radius><thickness><double value="100"/></thickness></styleBlock></styleBlock><styleSelector><simpleSelector value="zSquare"/></styleSelector></styleDeclaration><styleDeclaration><styleBlock><styleBlock><color><color value="#FFFFFF"/></color><fillType><fillType value="linear"/></fillType><gradEndAlpha><double value="1"/></gradEndAlpha><gradEndColor><color value="#FFFFFF"/></gradEndColor><gradStartAlpha><double value="1"/></gradStartAlpha><gradStartColor><color value="#FFFFFF"/></gradStartColor><thickness><double value="8"/></thickness></styleBlock></styleBlock><styleSelector><simpleSelector value="#11"/></styleSelector></styleDeclaration><styleDeclaration><styleBlock><styleBlock><xFields><xField name="deprecatedBackgroundPaddingVertical"><xJust><xDouble value="6"/></xJust></xField><xField name="deprecatedBackgroundPaddingHorizontal"><xJust><xDouble value="6"/></xJust></xField></xFields></styleBlock></styleBlock><styleSelector><simpleSelector value="#151_30863873"/></styleSelector></styleDeclaration><styleDeclaration><styleBlock><styleBlock><color><color value="#FFFFFF"/></color><fillType><fillType value="linear"/></fillType><gradEndAlpha><double value="1"/></gradEndAlpha><gradEndColor><color value="#FFFFFF"/></gradEndColor><gradStartAlpha><double value="1"/></gradStartAlpha><gradStartColor><color value="#FFFFFF"/></gradStartColor><thickness><double value="8"/></thickness></styleBlock></styleBlock><styleSelector><simpleSelector value="#33"/></styleSelector></styleDeclaration><styleDeclaration><styleBlock><styleBlock><xFields><xField name="deprecatedBackgroundPaddingVertical"><xJust><xDouble value="6"/></xJust></xField><xField name="deprecatedBackgroundPaddingHorizontal"><xJust><xDouble value="6"/></xJust></xField></xFields></styleBlock></styleBlock><styleSelector><simpleSelector value="#41_30863873"/></styleSelector></styleDeclaration><styleDeclaration><styleBlock><styleBlock><color><color value="#FFFFFF"/></color><fillType><fillType value="linear"/></fillType><gradEndAlpha><double value="1"/></gradEndAlpha><gradEndColor><color value="#FFFFFF"/></gradEndColor><gradStartAlpha><double value="1"/></gradStartAlpha><gradStartColor><color value="#FFFFFF"/></gradStartColor><thickness><double value="8"/></thickness></styleBlock></styleBlock><styleSelector><simpleSelector value="#47_158621475"/></styleSelector></styleDeclaration><styleDeclaration><styleBlock><styleBlock><color><color value="#FFFFFF"/></color><fillType><fillType value="linear"/></fillType><gradEndAlpha><double value="1"/></gradEndAlpha><gradEndColor><color value="#FFFFFF"/></gradEndColor><gradStartAlpha><double value="1"/></gradStartAlpha><gradStartColor><color value="#FFFFFF"/></gradStartColor><thickness><double value="8"/></thickness></styleBlock></styleBlock><styleSelector><simpleSelector value="#5"/></styleSelector></styleDeclaration><styleDeclaration><styleBlock><styleBlock><color><color value="#FFFFFF"/></color><fillType><fillType value="linear"/></fillType><gradEndAlpha><double value="1"/></gradEndAlpha><gradEndColor><color value="#FFFFFF"/></gradEndColor><gradStartAlpha><double value="1"/></gradStartAlpha><gradStartColor><color value="#FFFFFF"/></gradStartColor><thickness><double value="8"/></thickness></styleBlock></styleBlock><styleSelector><simpleSelector value="#6"/></styleSelector></styleDeclaration><styleDeclaration><styleBlock><styleBlock><color><color value="#FFFFFF"/></color><fillType><fillType value="linear"/></fillType><gradEndAlpha><double value="1"/></gradEndAlpha><gradEndColor><color value="#FFFFFF"/></gradEndColor><gradStartAlpha><double value="1"/></gradStartAlpha><gradStartColor><color value="#FFFFFF"/></gradStartColor><thickness><double value="8"/></thickness></styleBlock></styleBlock><styleSelector><simpleSelector value="#7"/></styleSelector></styleDeclaration></array></styleDeclarations></documentStyle></documentStyle><path><array><flyToObject><target><ref value="69_106421587"/></target></flyToObject><flyToObject><target><ref value="37_158621475"/></target></flyToObject><flyToObject><actions><array><fadeInObject><target><ref value="2_106421587"/></target></fadeInObject><fadeInObject><target><ref value="3_106421587"/></target></fadeInObject></array></actions><target><ref value="0_106421587"/></target></flyToObject><flyToObject><actions><array><fadeInObject><target><ref value="13_106421587"/></target></fadeInObject><fadeInObject><target><ref value="14_106421587"/></target></fadeInObject><fadeInObject><target><ref value="15_106421587"/></target></fadeInObject><fadeInObject><target><ref value="7_106421587"/></target></fadeInObject></array></actions><target><ref value="5_106421587"/></target></flyToObject><flyToObject><actions><array><fadeInObject><target><ref value="16_106421587"/></target></fadeInObject><fadeInObject><target><ref value="17_106421587"/></target></fadeInObject><fadeInObject><target><ref value="18_106421587"/></target></fadeInObject><fadeInObject><target><ref value="8_106421587"/></target></fadeInObject><fadeInObject><target><ref value="11_106421587"/></target></fadeInObject></array></actions><target><ref value="9_106421587"/></target></flyToObject><flyToObject><actions><array><fadeInObject><target><ref value="19_106421587"/></target></fadeInObject></array></actions><target><ref value="12_106421587"/></target></flyToObject><flyToObject><target><ref value="51_30863873"/></target></flyToObject><flyToObject><target><ref value="20_106421587"/></target></flyToObject><flyToObject><target><ref value="21_106421587"/></target></flyToObject><flyToObject><target><ref value="22_106421587"/></target></flyToObject><flyToObject><target><ref value="25_106421587"/></target></flyToObject><flyToObject><target><ref value="27_106421587"/></target></flyToObject><flyToObject><target><ref value="30_106421587"/></target></flyToObject><flyToObject><target><ref value="33_106421587"/></target></flyToObject><flyToObject><target><ref value="35_106421587"/></target></flyToObject><flyToObject><actions><array><fadeInObject><target><ref value="55_106421587"/></target></fadeInObject></array></actions><target><ref value="36_106421587"/></target></flyToObject><flyToObject><target><ref value="45_106421587"/></target></flyToObject><flyToObject><target><ref value="48_106421587"/></target></flyToObject><flyToObject><target><ref value="51_106421587"/></target></flyToObject><flyToObject><target><ref value="56_106421587"/></target></flyToObject><flyToObject><target><ref value="61_106421587"/></target></flyToObject><flyToObject><target><ref value="51_30863873"/></target></flyToObject><flyToObject><target><ref value="5_106421587"/></target></flyToObject><flyToObject><target><ref value="9_106421587"/></target></flyToObject><flyToObject><target><ref value="62_30863873"/></target></flyToObject><flyToObject><actions><array><fadeInObject><target><ref value="29_106421587"/></target></fadeInObject></array></actions><target><ref value="28_106421587"/></target></flyToObject><flyToObject><actions><array><fadeInObject><target><ref value="42_106421587"/></target></fadeInObject><fadeInObject><target><ref value="53_106421587"/></target></fadeInObject></array></actions><target><ref value="41_106421587"/></target></flyToObject><flyToObject><target><ref value="67_30863873"/></target></flyToObject><flyToObject><target><ref value="77_30863873"/></target></flyToObject><flyToObject><target><ref value="67_106421587"/></target></flyToObject><flyToObject><target><ref value="48_30863873"/></target></flyToObject><flyToObject><target><ref value="0"/></target></flyToObject></array></path><zObjects><array><zGroup><children><array><ref value="45_158621475"/><ref value="50_158621475"/></array></children><id><string value="81_30863873"/></id><localToWorld><transform2D x="-8311.423935705187" y="28251.655980228577" scale="71.66526708616567" rotation="0"/></localToWorld></zGroup><zGroup><children><array><ref value="37_106421587"/><ref value="39_106421587"/></array></children><id><string value="42_106421587"/></id><localToWorld><transform2D x="63215.953012028665" y="232.78643958806583" scale="12.909294197011507" rotation="0"/></localToWorld></zGroup><zGroup><children><array><ref value="38_106421587"/><ref value="40_106421587"/></array></children><id><string value="53_106421587"/></id><localToWorld><transform2D x="63215.02689615842" y="2486.9937442727296" scale="12.909294197011507" rotation="0"/></localToWorld></zGroup><zCircleFrame><height><double value="800"/></height><id><string value="54_30863873"/></id><localToWorld><transform2D x="9373.333909135645" y="36757.40819928939" scale="73.75942408321227" rotation="0"/></localToWorld><styleClasses><array><token value="circle"/></array></styleClasses><width><double value="800"/></width></zCircleFrame><zCircleFrame><height><double value="800"/></height><id><string value="51_30863873"/></id><localToWorld><transform2D x="-60016.08825729161" y="31291.442913815572" scale="40.68979283198094" rotation="0"/></localToWorld><styleClasses><array><token value="circle"/></array></styleClasses><width><double value="800"/></width></zCircleFrame><zText><id><string value="52_30863873"/></id><localToWorld><transform2D x="-60158.728737883175" y="23107.919274650663" scale="89.7036080621685" rotation="-2.7955420617360885e-33"/></localToWorld><styleClasses><array><token value="subtitle"/></array></styleClasses><text><text><width>220.4993900181616</width><p align="center"><span><![CDATA[BDD]]></span></p></text></text></zText><zInvisibleFrame><height><double value="1603.0604344274425"/></height><id><string value="0"/></id><localToWorld><transform2D x="8433.410700567165" y="39036.676568274546" scale="120.60993443275483" rotation="0"/></localToWorld><styleClasses><array><token value="invisible"/></array></styleClasses><width><double value="2414.7577859734774"/></width></zInvisibleFrame><zLine><id><string value="47_158621475"/></id><localToWorld><transform2D x="-74776.40209276545" y="42247.032995167356" scale="109.56790220897575" rotation="-0.53856257255392"/></localToWorld><startEndDistance><double value="212.3232470428692"/></startEndDistance><styleClasses><array><token value="line3"/></array></styleClasses></zLine><zLine><id><string value="5"/></id><localToWorld><transform2D x="53897.55346990246" y="7707.249593793691" scale="109.56790220897558" rotation="-0.6511338161518627"/></localToWorld><startEndDistance><double value="488.3349898684123"/></startEndDistance><styleClasses><array><token value="line3"/></array></styleClasses></zLine><zLine><id><string value="33"/></id><localToWorld><transform2D x="93163.44866800982" y="-13926.748522530832" scale="109.56790220897528" rotation="-0.6064458348840004"/></localToWorld><startEndDistance><double value="173.56300536422472"/></startEndDistance><styleClasses><array><token value="line3"/></array></styleClasses></zLine><zLine><id><string value="6"/></id><localToWorld><transform2D x="-16549.12195065454" y="36121.56359422639" scale="109.56790220897553" rotation="0.06659214688809696"/></localToWorld><startEndDistance><double value="546.9518342019065"/></startEndDistance><styleClasses><array><token value="line3"/></array></styleClasses></zLine><zInvisibleFrame><height><double value="2093.781346534005"/></height><id><string value="37_158621475"/></id><localToWorld><transform2D x="9953.729274022739" y="35230.25352538349" scale="34.90269509579959" rotation="0"/></localToWorld><styleClasses><array><token value="invisible"/></array></styleClasses><width><double value="2133.7886455841985"/></width></zInvisibleFrame><zLine><id><string value="7"/></id><localToWorld><transform2D x="-1145.467602438703" y="65954.45744998023" scale="109.5679022089757" rotation="-1.1072466418047437"/></localToWorld><startEndDistance><double value="524.6533596855447"/></startEndDistance><styleClasses><array><token value="line3"/></array></styleClasses></zLine><zLine><id><string value="11"/></id><localToWorld><transform2D x="-80720.02750499595" y="19198.792562803876" scale="109.56790220897562" rotation="0.6006484845328994"/></localToWorld><startEndDistance><double value="207.34062132453943"/></startEndDistance><styleClasses><array><token value="line3"/></array></styleClasses></zLine><zCircleFrame><height><double value="800"/></height><id><string value="62_30863873"/></id><localToWorld><transform2D x="69930.70719023362" y="-4238.713149285472" scale="40.689616885858094" rotation="0"/></localToWorld><styleClasses><array><token value="circle"/></array></styleClasses><width><double value="800"/></width></zCircleFrame><zInvisibleFrame><height><double value="1691.4687638446594"/></height><id><string value="40_158621475"/></id><localToWorld><transform2D x="79930.11109941035" y="-16535.3863203543" scale="35.846290066211424" rotation="0"/></localToWorld><styleClasses><array><token value="invisible"/></array></styleClasses><width><double value="2203.67156480015"/></width></zInvisibleFrame><zInvisibleFrame><height><double value="1814.68269279432"/></height><id><string value="52_158621475"/></id><localToWorld><transform2D x="-75483.37264901992" y="30697.693479960217" scale="32.36882576269238" rotation="0"/></localToWorld><styleClasses><array><token value="invisible"/></array></styleClasses><width><double value="2073.354245896129"/></width></zInvisibleFrame><zSwfGraphics><assetSourceFilename><string value="prezi_template_cornerframe_black.swf"/></assetSourceFilename><height><double value="30"/></height><id><string value="45_158621475"/></id><localToWorld><transform2D x="-13057.077736692736" y="25971.266744471613" scale="56.249716708810844" rotation="0"/></localToWorld><offlineAssetId><string value="4213380059"/></offlineAssetId><onlineAssetId><string value="4213380059"/></onlineAssetId><onlineAssetUrl><string value="http://0103.static.prezi.com.s3.amazonaws.com/media/5/d/f/83f5858d4312e35b3ca8144e1573c6c572ed8.swf"/></onlineAssetUrl><width><double value="30"/></width></zSwfGraphics><zSwfGraphics><assetSourceFilename><string value="prezi_template_cornerframe_black.swf"/></assetSourceFilename><height><double value="30"/></height><id><string value="50_158621475"/></id><localToWorld><transform2D x="-3565.7701347176353" y="30532.045215985545" scale="56.249716708810844" rotation="-3.141592653589793"/></localToWorld><offlineAssetId><string value="4213380059"/></offlineAssetId><onlineAssetId><string value="4213380059"/></onlineAssetId><onlineAssetUrl><string value="http://0103.static.prezi.com.s3.amazonaws.com/media/5/d/f/83f5858d4312e35b3ca8144e1573c6c572ed8.swf"/></onlineAssetUrl><width><double value="30"/></width></zSwfGraphics><zCircleFrame><height><double value="800"/></height><id><string value="44_30863873"/></id><localToWorld><transform2D x="-92291.76356290217" y="10939.28991711635" scale="20.98286197325255" rotation="0"/></localToWorld><styleClasses><array><token value="circle"/></array></styleClasses><width><double value="800"/></width></zCircleFrame><zCircleFrame><height><double value="800"/></height><id><string value="48_30863873"/></id><localToWorld><transform2D x="-88945.40093826843" y="49951.249742628446" scale="20.98286197325255" rotation="0"/></localToWorld><styleClasses><array><token value="circle"/></array></styleClasses><width><double value="800"/></width></zCircleFrame><zImage><assetSourceFilename><string value="hqdefault.jpg"/></assetSourceFilename><height><double value="360"/></height><id><string value="65_106421587"/></id><localToWorld><transform2D x="-89252.19806628251" y="50279.7882062189" scale="21.172058033827096" rotation="0"/></localToWorld><offlineAssetId><string value="4831817940"/></offlineAssetId><onlineAssetId><string value="4831817940"/></onlineAssetId><onlineAssetUrl><string value="http://0103.static.prezi.com.s3.amazonaws.com/media/c/a/6/80978833e7c26e09589aaaebc8a02d2431547.jpg"/></onlineAssetUrl><width><double value="480"/></width></zImage><zText><id><string value="49_30863873"/></id><localToWorld><transform2D x="-89018.95760463952" y="45731.18040768496" scale="46.258245507503396" rotation="-2.7955420617360882e-33"/></localToWorld><styleClasses><array><token value="subtitle"/></array></styleClasses><text><text><width>220.4993900181616</width><p align="center"><span><![CDATA[Questions ?]]></span></p></text></text></zText><zText><id><string value="151_30863873"/></id><localToWorld><transform2D x="9459.99205875125" y="46278.901742787915" scale="277.1852176718261" rotation="0"/></localToWorld><styleClasses><array><token value="title"/><token value="title-background"/></array></styleClasses><text><text><width>211.6150585893417</width><p><span><![CDATA[Living longer and prospering with Spock]]></span></p></text></text></zText><zText><id><string value="41_30863873"/></id><localToWorld><transform2D x="261.1129215134033" y="62105.93871334096" scale="148.70150154865723" rotation="0"/></localToWorld><styleClasses><array><token value="subtitle"/><token value="subtitle-background"/></array></styleClasses><text><text><width>270.7421875</width><p><span><![CDATA[MJ VAN NIEKERK]]></span></p></text></text></zText><zImage><assetSourceFilename><string value="BtosPx2IQAE5MGc.png"/></assetSourceFilename><height><double value="126"/></height><id><string value="70_106421587"/></id><localToWorld><transform2D x="76059.29140313978" y="-4383.723060756189" scale="40.99149259365602" rotation="0"/></localToWorld><offlineAssetId><string value="4831869856"/></offlineAssetId><onlineAssetId><string value="4831869856"/></onlineAssetId><onlineAssetUrl><string value="http://0103.static.prezi.com.s3.amazonaws.com/media/1/e/0/0658e86bfd909e589898f538d20d81763a4b8.png"/></onlineAssetUrl><width><double value="382"/></width></zImage><zText><id><string value="61_30863873"/></id><localToWorld><transform2D x="75067.76651631067" y="-11680.234792906824" scale="141.8319040200982" rotation="0"/></localToWorld><styleClasses><array><token value="subtitle"/></array></styleClasses><text><text><width>113.81636588385696</width><p><span><![CDATA[Spock]]></span></p></text></text></zText><zCircleFrame><height><double value="800"/></height><id><string value="67_30863873"/></id><localToWorld><transform2D x="104282.0982650646" y="-21927.175779650217" scale="17.605472950706254" rotation="0"/></localToWorld><styleClasses><array><token value="circle"/></array></styleClasses><width><double value="800"/></width></zCircleFrame><zText><id><string value="68_30863873"/></id><localToWorld><transform2D x="104220.38123610105" y="-25467.98525650614" scale="38.81254573697416" rotation="-2.7955420617360882e-33"/></localToWorld><styleClasses><array><token value="subtitle"/></array></styleClasses><text><text><width>220.4993900181616</width><p align="center"><span><![CDATA[Other JVM BDD]]></span></p></text></text></zText><zText><id><string value="69_30863873"/></id><localToWorld><transform2D x="104230.0560831526" y="-21539.98344952132" scale="22.39464299156959" rotation="-4.845002627262793e-33"/></localToWorld><styleClasses><array><token value="body"/></array></styleClasses><text><text><width>390.9237784827681</width><p listType="bullet" indent="1"><span><![CDATA[Cucumber]]></span></p><p listType="bullet" indent="2"><span><![CDATA[https://cucumber.io]]></span></p><p listType="bullet" indent="1"><span><![CDATA[JBehave]]></span></p><p listType="bullet" indent="2"><span><![CDATA[http://jbehave.org/]]></span></p></text></text></zText><zCircleFrame><height><double value="800"/></height><id><string value="77_30863873"/></id><localToWorld><transform2D x="-21650.86173321523" y="103000.27079658073" scale="40.68979283198094" rotation="0"/></localToWorld><styleClasses><array><token value="circle"/></array></styleClasses><width><double value="800"/></width></zCircleFrame><zImage><assetSourceFilename><string value="logo.png"/></assetSourceFilename><height><double value="162"/></height><id><string value="75_106421587"/></id><localToWorld><transform2D x="-17574.133121999166" y="101609.63332523868" scale="28.192537271752744" rotation="0"/></localToWorld><offlineAssetId><string value="4831869857"/></offlineAssetId><onlineAssetId><string value="4831869857"/></onlineAssetId><onlineAssetUrl><string value="http://0103.static.prezi.com.s3.amazonaws.com/media/d/4/e/119169fc245217c1d50915a5d0826a008cd0d.png"/></onlineAssetUrl><width><double value="474"/></width></zImage><zText><id><string value="78_30863873"/></id><localToWorld><transform2D x="-21793.502213806772" y="94816.74715741578" scale="89.70360806216851" rotation="-2.7955420617360885e-33"/></localToWorld><styleClasses><array><token value="subtitle"/></array></styleClasses><text><text><width>220.4993900181616</width><p align="center"><span><![CDATA[Geb]]></span></p></text></text></zText><zText><id><string value="79_30863873"/></id><localToWorld><transform2D x="-21818.925954543" y="114757.23389229644" scale="63.477093159815674" rotation="-4.845002627262793e-33"/></localToWorld><styleClasses><array><token value="body"/></array></styleClasses><text><text><width>124.31457671108345</width><p><span><![CDATA[gebish.org]]></span></p></text></text></zText><zInvisibleFrame><height><double value="600"/></height><id><string value="0_106421587"/></id><localToWorld><transform2D x="35251.71013058957" y="53589.89157641257" scale="7.270379581324941" rotation="0"/></localToWorld><styleClasses><array><token value="invisible"/></array></styleClasses><width><double value="1074.6268656716418"/></width></zInvisibleFrame><zImage><assetSourceFilename><string value="Poop_Emoji.png"/></assetSourceFilename><height><double value="640"/></height><id><string value="4_106421587"/></id><localToWorld><transform2D x="37236.628904185935" y="53290.72576125542" scale="1.4910918213055977" rotation="0"/></localToWorld><offlineAssetId><string value="4831141409"/></offlineAssetId><onlineAssetId><string value="4831141409"/></onlineAssetId><onlineAssetUrl><string value="http://0103.static.prezi.com.s3.amazonaws.com/media/8/5/e/7de957061c6f8106eeea22d7d03fc5917edbc.png"/></onlineAssetUrl><width><double value="640"/></width></zImage><zText><id><string value="1_106421587"/></id><localToWorld><transform2D x="35186.73889370264" y="53031.295320863464" scale="16.551315089167915" rotation="0"/></localToWorld><styleClasses><array><token value="body"/></array></styleClasses><text><text><width>-422.592</width><p><span color="16777215"><![CDATA[Hi I’m Michael van Niekerk]]></span></p><p/><p><span color="16777215"><![CDATA[I’m a 💩developer, and I make         code.]]></span></p><p/></text></text></zText><zText><id><string value="2_106421587"/></id><localToWorld><transform2D x="36393.78458284353" y="54702.951959741986" scale="16.551315089167915" rotation="0"/></localToWorld><styleClasses><array><token value="body"/></array></styleClasses><text><text><width>176.832</width><p align="right"><span color="16777215"><![CDATA[And so do you]]></span></p></text></text></zText><zText><id><string value="3_106421587"/></id><localToWorld><transform2D x="37398.95186408576" y="55228.758563820804" scale="16.551315089167915" rotation="0"/></localToWorld><styleClasses><array><token value="body"/></array></styleClasses><text><text><width>-145.92000000000002</width><p><span color="16777215"><![CDATA[And that's ok]]></span></p></text></text></zText><zInvisibleFrame><height><double value="600"/></height><id><string value="12_106421587"/></id><localToWorld><transform2D x="34807.29628725343" y="58987.45858192475" scale="10.101927964610693" rotation="0"/></localToWorld><styleClasses><array><token value="invisible"/></array></styleClasses><width><double value="1074.6268656716418"/></width></zInvisibleFrame><zInvisibleFrame><height><double value="600"/></height><id><string value="5_106421587"/></id><localToWorld><transform2D x="31926.614185036215" y="57654.691064932056" scale="4.813988625792924" rotation="0"/></localToWorld><styleClasses><array><token value="invisible"/></array></styleClasses><width><double value="1074.6268656716418"/></width></zInvisibleFrame><zText><id><string value="6_106421587"/></id><localToWorld><transform2D x="30295.83919262825" y="56553.82750511257" scale="9.519994117968231" rotation="0"/></localToWorld><styleClasses><array><token value="title"/></array></styleClasses><text><text><width>-157.176</width><p><span><![CDATA[Rubbish code]]></span></p></text></text></zText><zText><id><string value="7_106421587"/></id><localToWorld><transform2D x="31994.845923865683" y="58333.81982502852" scale="9.519994117968231" rotation="0"/></localToWorld><styleClasses><array><token value="body"/></array></styleClasses><text><text><width>515.7430286059998</width><p><span color="16777215"><![CDATA[4. Doesn’t do what it is suppose to do]]></span></p><p><span color="16777215"><![CDATA[5. Does extra things that it was not suppose to do]]></span></p><p><span color="16777215"><![CDATA[6. Incomplete]]></span></p></text></text></zText><zInvisibleFrame><height><double value="600"/></height><id><string value="9_106421587"/></id><localToWorld><transform2D x="37715.48460831975" y="57654.92906478502" scale="4.86765801280923" rotation="0"/></localToWorld><styleClasses><array><token value="invisible"/></array></styleClasses><width><double value="1074.6268656716418"/></width></zInvisibleFrame><zText><id><string value="8_106421587"/></id><localToWorld><transform2D x="37649.31480261835" y="57898.29949707244" scale="9.519994117968231" rotation="0"/></localToWorld><styleClasses><array><token value="body"/></array></styleClasses><text><text><width>515.95</width><p><span color="16777215"><![CDATA[10. Breaks easily and is hard to refactor]]></span></p></text></text></zText><zText><id><string value="10_106421587"/></id><localToWorld><transform2D x="36905.80910858654" y="56553.941745041986" scale="9.519994117968231" rotation="0"/></localToWorld><styleClasses><array><token value="title"/></array></styleClasses><text><text><width>-299.592</width><p><span><![CDATA[Rubbish code (continued).]]></span></p></text></text></zText><zText><id><string value="11_106421587"/></id><localToWorld><transform2D x="37685.258626995186" y="58353.69663304387" scale="9.519994117968231" rotation="0"/></localToWorld><styleClasses><array><token value="body"/></array></styleClasses><text><text><width>516.95</width><p><span color="16777215"><![CDATA[11. Tabs as indentation]]></span></p></text></text></zText><zText><id><string value="53_30863873"/></id><localToWorld><transform2D x="-59671.40603298856" y="32794.85438402801" scale="61.19360355166695" rotation="-4.8450026272627935e-33"/></localToWorld><styleClasses><array><token value="body"/></array></styleClasses><text><text><width>390.9237784827681</width><p><span><![CDATA[BDD is a second-generation, outside-in, pull-based, multiple-stakeholder, multiple-scale, high-automation, agile methodology. It describes a cycle of interactions with well-defined outputs, resulting in the delivery of working, tested software that matters. -]]></span><span style="italic"><![CDATA[ Dan North (Nov 2009)]]></span></p></text></text></zText><zText><id><string value="13_106421587"/></id><localToWorld><transform2D x="32005.075175522077" y="57147.39283887542" scale="9.519994117968231" rotation="0"/></localToWorld><styleClasses><array><token value="body"/></array></styleClasses><text><text><width>515.75</width><p><span color="16777215"><![CDATA[1. That doesn’t compile]]></span></p></text></text></zText><zText><id><string value="14_106421587"/></id><localToWorld><transform2D x="31999.975923528087" y="57403.536129271866" scale="9.519994117968231" rotation="0"/></localToWorld><styleClasses><array><token value="body"/></array></styleClasses><text><text><width>516.75</width><p><span color="16777215"><![CDATA[2. Unreadable]]></span></p></text></text></zText><zText><id><string value="15_106421587"/></id><localToWorld><transform2D x="31999.778738547026" y="57662.83437936526" scale="9.519994117968231" rotation="0"/></localToWorld><styleClasses><array><token value="body"/></array></styleClasses><text><text><width>516.75</width><p><span color="16777215"><![CDATA[3. Too complex]]></span></p></text></text></zText><zText><id><string value="16_106421587"/></id><localToWorld><transform2D x="37668.159980567376" y="57041.89887400852" scale="9.519994117968231" rotation="0"/></localToWorld><styleClasses><array><token value="body"/></array></styleClasses><text><text><width>516.15</width><p><span color="16777215"><![CDATA[7. No test coverage]]></span></p></text></text></zText><zText><id><string value="17_106421587"/></id><localToWorld><transform2D x="37664.67213391534" y="57321.70436213213" scale="9.519994117968231" rotation="0"/></localToWorld><styleClasses><array><token value="body"/></array></styleClasses><text><text><width>516.95</width><p><span color="16777215"><![CDATA[8. Is hard to start up without aligning the stars]]></span></p></text></text></zText><zText><id><string value="18_106421587"/></id><localToWorld><transform2D x="37664.869318896395" y="57590.861861278514" scale="9.519994117968231" rotation="0"/></localToWorld><styleClasses><array><token value="body"/></array></styleClasses><text><text><width>516.95</width><p><span color="16777215"><![CDATA[9. Not properly named]]></span></p></text></text></zText><zText><id><string value="19_106421587"/></id><localToWorld><transform2D x="34190.60208883605" y="60998.24478249255" scale="14.708957126487077" rotation="0"/></localToWorld><styleClasses><array><token value="title"/></array></styleClasses><text><text><width>552</width><p><span><![CDATA[Your code, your code craft and most importantly, your team and their deliverables that is going to live longer and prosper.]]></span></p></text></text></zText><zImage><assetSourceFilename><string value="1vaujb.jpg"/></assetSourceFilename><height><double value="382"/></height><id><string value="20_106421587"/></id><localToWorld><transform2D x="-92422.7634118072" y="10827.787547847447" scale="21.123835820730534" rotation="0"/></localToWorld><offlineAssetId><string value="4831763776"/></offlineAssetId><onlineAssetId><string value="4831763776"/></onlineAssetId><onlineAssetUrl><string value="http://0103.static.prezi.com.s3.amazonaws.com/media/7/9/c/028f4a928da441256e9d0a2a2b2f9b100e66a.jpg"/></onlineAssetUrl><width><double value="680"/></width></zImage><zInvisibleFrame><height><double value="600"/></height><id><string value="21_106421587"/></id><localToWorld><transform2D x="-95986.68475947877" y="8983.910789958943" scale="6.392583621760765" rotation="0"/></localToWorld><styleClasses><array><token value="invisible"/></array></styleClasses><width><double value="1074.6268656716418"/></width></zInvisibleFrame><zInvisibleFrame><height><double value="600"/></height><id><string value="22_106421587"/></id><localToWorld><transform2D x="-98704.6825384046" y="7947.3093445285185" scale="0.8636702546795532" rotation="0"/></localToWorld><styleClasses><array><token value="invisible"/></array></styleClasses><width><double value="1074.6268656716418"/></width></zInvisibleFrame><zVideo><id><string value="26_106421587"/></id><localToWorld><transform2D x="-97900.16781568134" y="7928.576771327856" scale="1.184056542981365" rotation="0"/></localToWorld><onlineAssetId><string value="4831802041"/></onlineAssetId><onlineAssetUrl><string value="http://0103.static.prezi.com.s3.amazonaws.com/media/8/4/e/50813d4a3753a8b3fdad23640ad9ad0273613.mp4"/></onlineAssetUrl><videoType><string value="video"/></videoType></zVideo><zText><id><string value="23_106421587"/></id><localToWorld><transform2D x="-98709.41497795001" y="7967.4222125966035" scale="1.3276163618351111" rotation="0"/></localToWorld><styleClasses><array><token value="body"/></array></styleClasses><text><text><width>663.4653068060238</width><p listType="bullet" indent="1"><span><![CDATA[Encourages evolutionary approach to design and dev]]></span></p><p listType="bullet" indent="1"><span><![CDATA[Encourages programmers to write tests before code is written]]></span></p><p listType="bullet" indent="1"><span><![CDATA[Tests helps developer to focus on the problem they're trying to solve]]></span></p><p listType="bullet" indent="1"><span><![CDATA[A test's sphere of testing is commonly defined as a class]]></span></p><p listType="bullet" indent="1"><span><![CDATA[Reduced debug effort]]></span></p><p listType="bullet" indent="1"><span><![CDATA[Self documenting tests]]></span></p></text></text></zText><zText><id><string value="24_106421587"/></id><localToWorld><transform2D x="-98918.44952268584" y="7747.531844819991" scale="1.3276163618351111" rotation="0"/></localToWorld><styleClasses><array><token value="title"/></array></styleClasses><text><text><width>-289.392</width><p><span color="0"><![CDATA[Test Driven Development]]></span></p></text></text></zText><zInvisibleFrame><height><double value="600"/></height><id><string value="25_106421587"/></id><localToWorld><transform2D x="-97862.89985426106" y="7936.069800608123" scale="0.6567810011271512" rotation="0"/></localToWorld><styleClasses><array><token value="invisible"/></array></styleClasses><width><double value="1074.6268656716418"/></width></zInvisibleFrame><zInvisibleFrame><height><double value="600"/></height><id><string value="27_106421587"/></id><localToWorld><transform2D x="-88797.123165064" y="8900.698727951782" scale="6.508027581043266" rotation="0"/></localToWorld><styleClasses><array><token value="invisible"/></array></styleClasses><width><double value="1074.6268656716418"/></width></zInvisibleFrame><zInvisibleFrame><height><double value="600"/></height><id><string value="30_106421587"/></id><localToWorld><transform2D x="-86103.57632378956" y="7913.787897748382" scale="0.9255243842181481" rotation="0"/></localToWorld><styleClasses><array><token value="invisible"/></array></styleClasses><width><double value="1074.6268656716418"/></width></zInvisibleFrame><zText><id><string value="31_106421587"/></id><localToWorld><transform2D x="-86190.50699462632" y="7687.058025257939" scale="1.3918949721401408" rotation="0"/></localToWorld><styleClasses><array><token value="title"/></array></styleClasses><text><text><width>-431.808</width><p><span color="3355443"><![CDATA[Acceptance Test Driven Development]]></span></p></text></text></zText><zInvisibleFrame><height><double value="600"/></height><id><string value="33_106421587"/></id><localToWorld><transform2D x="-85739.96721871564" y="8400.243246022465" scale="0.7032520592787787" rotation="0"/></localToWorld><styleClasses><array><token value="invisible"/></array></styleClasses><width><double value="1074.6268656716418"/></width></zInvisibleFrame><zImage><assetSourceFilename><string value="no-no-seor-test-is-no-here.jpg"/></assetSourceFilename><height><double value="400"/></height><id><string value="34_106421587"/></id><localToWorld><transform2D x="-85739.96721871564" y="8400.243246022465" scale="0.7388901707525504" rotation="0"/></localToWorld><offlineAssetId><string value="4831802044"/></offlineAssetId><onlineAssetId><string value="4831802044"/></onlineAssetId><onlineAssetUrl><string value="http://0103.static.prezi.com.s3.amazonaws.com/media/6/5/e/ec46cfc62f2ab44f0ed3a249f7863224c3e62.jpg"/></onlineAssetUrl><width><double value="400"/></width></zImage><zText><id><string value="32_106421587"/></id><localToWorld><transform2D x="-86128.29506905498" y="7937.303347601362" scale="1.3918949721401408" rotation="0"/></localToWorld><styleClasses><array><token value="body"/></array></styleClasses><text><text><width>552</width><p listType="bullet" indent="1"><span><![CDATA[Development methodology based on communication between business customers, developers and testers]]></span></p><p listType="bullet" indent="1"><span><![CDATA[User POV]]></span></p><p listType="bullet" indent="1"><span><![CDATA[Acceptance tests are created (and analyzed) prior coding]]></span></p><p listType="bullet" indent="1"><span><![CDATA[Failing tests are failed requirements]]></span></p><p listType="bullet" indent="1"><span><![CDATA[Ubiquitous language for specification]]></span></p><p listType="bullet" indent="2"><span><![CDATA[Given (setup)]]></span></p><p listType="bullet" indent="2"><span><![CDATA[When (trigger)]]></span></p><p listType="bullet" indent="2"><span><![CDATA[Then (verification)]]></span></p></text></text></zText><zInvisibleFrame><height><double value="600"/></height><id><string value="35_106421587"/></id><localToWorld><transform2D x="-88796.9259800829" y="12751.721408046154" scale="6.34125114677208" rotation="0"/></localToWorld><styleClasses><array><token value="invisible"/></array></styleClasses><width><double value="1074.6268656716418"/></width></zInvisibleFrame><zInvisibleFrame><height><double value="600"/></height><id><string value="36_106421587"/></id><localToWorld><transform2D x="-91664.78434461403" y="11254.693031841523" scale="0.7670658716738049" rotation="0"/></localToWorld><styleClasses><array><token value="invisible"/></array></styleClasses><width><double value="1074.6268656716418"/></width></zInvisibleFrame><zText><id><string value="43_106421587"/></id><localToWorld><transform2D x="-91696.92549652675" y="11250.74933222033" scale="1.1517231617518024" rotation="0"/></localToWorld><styleClasses><array><token value="body"/></array></styleClasses><text><text><width>613.7788451175481</width><p listType="bullet" indent="1"><span><![CDATA[Business and Technology should refer to the same system in the same way]]></span></p><p listType="bullet" indent="1"><span><![CDATA[Any system should have an identified, verifiable value to the business]]></span></p><p listType="bullet" indent="1"><span><![CDATA[Up-front analysis, design and planning all have diminishing return]]></span></p></text></text></zText><zText><id><string value="44_106421587"/></id><localToWorld><transform2D x="-91837.61698051279" y="11078.385996576497" scale="1.9718498105961983" rotation="0"/></localToWorld><styleClasses><array><token value="title"/></array></styleClasses><text><text><width>-173.71200000000002</width><p><span color="3355443"><![CDATA[Core principles]]></span></p></text></text></zText><zInvisibleFrame><height><double value="600"/></height><id><string value="45_106421587"/></id><localToWorld><transform2D x="-90669.39456022505" y="11256.467696671052" scale="0.7876125023129447" rotation="0"/></localToWorld><styleClasses><array><token value="invisible"/></array></styleClasses><width><double value="1074.6268656716418"/></width></zInvisibleFrame><zText><id><string value="46_106421587"/></id><localToWorld><transform2D x="-90906.6209283083" y="11069.897865032844" scale="1.3740931885633367" rotation="0"/></localToWorld><styleClasses><array><token value="title"/></array></styleClasses><text><text><width>-205.296</width><p><span color="0"><![CDATA[Enough is Enough]]></span></p></text></text></zText><zText><id><string value="47_106421587"/></id><localToWorld><transform2D x="-90691.08490814161" y="11283.482039076225" scale="1.0169387600955158" rotation="0"/></localToWorld><styleClasses><array><token value="body"/></array></styleClasses><text><text><width>773.3046670878571</width><p listType="bullet" indent="1"><span><![CDATA[The more complex, detailed or further into the future to guess for development, the less likely it is to be accurate]]></span></p><p listType="bullet" indent="1"><span><![CDATA[Enormous detail, requirements, design and project plans predicted to avoid cost of change]]></span></p><p listType="bullet" indent="1"><span><![CDATA[Enough is Enough : Minimize time-horizon and scope of a prediction in an attempt to verify or disprove the prediction ASAP]]></span></p><p listType="bullet" indent="1"><span><![CDATA[Agile - limit dependency on predictions with Iterative Dev, YAGNI, The Simplest Thing That Could Work]]></span></p><p listType="bullet" indent="1"><span><![CDATA[Agile dev are based on measurements of past performance and coding velocity, not predictions]]></span></p><p/></text></text></zText><zInvisibleFrame><height><double value="600"/></height><id><string value="48_106421587"/></id><localToWorld><transform2D x="-89654.68064769225" y="11256.862066633174" scale="0.7961855068437286" rotation="0"/></localToWorld><styleClasses><array><token value="invisible"/></array></styleClasses><width><double value="1074.6268656716418"/></width></zInvisibleFrame><zText><id><string value="49_106421587"/></id><localToWorld><transform2D x="-89966.60416493125" y="11063.620785194747" scale="1.3740931885633367" rotation="0"/></localToWorld><styleClasses><array><token value="title"/></array></styleClasses><text><text><width>-80.11200000000001</width><p><span color="0"><![CDATA[Uthini?]]></span></p></text></text></zText><zText><id><string value="50_106421587"/></id><localToWorld><transform2D x="-89626.08882543867" y="11233.988608830261" scale="1.3740931885633367" rotation="0"/></localToWorld><styleClasses><array><token value="body"/></array></styleClasses><text><text><width>575.5664238674217</width><p><span><![CDATA[Small vocabulary (ATDD) to minimize miscommunication - business, testers, dev, analysts all are on the same page and using the same words]]></span></p><p/></text></text></zText><zInvisibleFrame><height><double value="600"/></height><id><string value="51_106421587"/></id><localToWorld><transform2D x="-88629.71311614435" y="11246.0168926749" scale="0.7728458598132784" rotation="0"/></localToWorld><styleClasses><array><token value="invisible"/></array></styleClasses><width><double value="1074.6268656716418"/></width></zInvisibleFrame><zText><id><string value="52_106421587"/></id><localToWorld><transform2D x="-88944.87755744826" y="11068.343190132833" scale="1.47447812471933" rotation="0"/></localToWorld><styleClasses><array><token value="title"/></array></styleClasses><text><text><width>-67.8</width><p><span color="0"><![CDATA[Focus]]></span></p></text></text></zText><zText><id><string value="54_106421587"/></id><localToWorld><transform2D x="-88690.08105096046" y="11233.151021271762" scale="1.2739068551535166" rotation="0"/></localToWorld><styleClasses><array><token value="body"/></array></styleClasses><text><text><width>552</width><p listType="bullet" indent="1"><span><![CDATA[Where to start in the process]]></span></p><p listType="bullet" indent="1"><span><![CDATA[What to test, not to test]]></span></p><p listType="bullet" indent="1"><span><![CDATA[How much to test in one go]]></span></p><p listType="bullet" indent="1"><span><![CDATA[What to call the tests]]></span></p><p listType="bullet" indent="1"><span><![CDATA[How to understand why a test fails]]></span></p></text></text></zText><zText><id><string value="55_106421587"/></id><localToWorld><transform2D x="-91652.24666182583" y="11430.198639518387" scale="1.1517231617518024" rotation="0"/></localToWorld><styleClasses><array><token value="body"/></array></styleClasses><text><text><width>-155.06400000000002</width><p><span><![CDATA[* agile, much?]]></span></p></text></text></zText><zInvisibleFrame><height><double value="600"/></height><id><string value="56_106421587"/></id><localToWorld><transform2D x="-87569.55675754495" y="11245.933086178455" scale="0.7738657138963125" rotation="0"/></localToWorld><styleClasses><array><token value="invisible"/></array></styleClasses><width><double value="1074.6268656716418"/></width></zInvisibleFrame><zText><id><string value="57_106421587"/></id><localToWorld><transform2D x="-87868.79665063364" y="11058.132230236108" scale="0.9607153115423932" rotation="0"/></localToWorld><styleClasses><array><token value="title"/></array></styleClasses><text><text><width>-138.216</width><p><span color="3355443"><![CDATA[User Stories]]></span></p></text></text></zText><zText><id><string value="58_106421587"/></id><localToWorld><transform2D x="-87717.201393213" y="11087.740614883705" scale="0.9607153115423932" rotation="0"/></localToWorld><styleClasses><array><token value="body"/></array></styleClasses><text><text><width>-462.936</width><p><span><![CDATA[As a [role] I want [feature] so that [benefit]]]></span></p></text></text></zText><zText><id><string value="59_106421587"/></id><localToWorld><transform2D x="-87898.08006849367" y="11158.83354793784" scale="0.9607153115423932" rotation="0"/></localToWorld><styleClasses><array><token value="title"/></array></styleClasses><text><text><width>-59.760000000000005</width><p><span color="3355443"><![CDATA[Units]]></span></p></text></text></zText><zText><id><string value="60_106421587"/></id><localToWorld><transform2D x="-87661.73209291286" y="11317.741480475373" scale="0.9607153115423932" rotation="0"/></localToWorld><styleClasses><array><token value="body"/></array></styleClasses><text><text><width>552</width><p><span><![CDATA[Behaviour of the unit defined]]></span></p><p><span><![CDATA[How defined:]]></span></p><p indent="1"><span><![CDATA[Narrative]]></span></p><p indent="1"><span><![CDATA[Intro : Who (beneficiary), what effect, value derived]]></span></p><p indent="1"><span><![CDATA[Criteria and Scenarios: ]]></span></p><p indent="2"><span><![CDATA[Initial condition assumed true]]></span></p><p indent="2"><span><![CDATA[Event triggers to start of scenario]]></span></p><p indent="2"><span><![CDATA[Expected outcome]]></span></p><p indent="1"/></text></text></zText><zInvisibleFrame><height><double value="600"/></height><id><string value="61_106421587"/></id><localToWorld><transform2D x="-86650.05614583741" y="11245.933086178455" scale="0.7274783594799185" rotation="0"/></localToWorld><styleClasses><array><token value="invisible"/></array></styleClasses><width><double value="1074.6268656716418"/></width></zInvisibleFrame><zText><id><string value="62_106421587"/></id><localToWorld><transform2D x="-86924.01911944225" y="11083.560996609038" scale="1.165075288601718" rotation="0"/></localToWorld><styleClasses><array><token value="title"/></array></styleClasses><text><text><width>-100.34400000000001</width><p><span color="3355443"><![CDATA[Example]]></span></p></text></text></zText><zImage><assetSourceFilename><string value="Screen Shot 2016-03-04 at 8.09.17 vm..png"/></assetSourceFilename><height><double value="349"/></height><id><string value="63_106421587"/></id><localToWorld><transform2D x="-86763.84590756427" y="11272.378737709552" scale="0.8820932984836541" rotation="0"/></localToWorld><offlineAssetId><string value="4284465302"/></offlineAssetId><onlineAssetId><string value="4284465302"/></onlineAssetId><onlineAssetUrl><string value="http://0103.static.prezi.com.s3.amazonaws.com/media/f/a/5/f01baf6ad3d17b2b09ae10a77e36d82e42329.png"/></onlineAssetUrl><width><double value="491"/></width></zImage><zInvisibleFrame><height><double value="600"/></height><id><string value="28_106421587"/></id><localToWorld><transform2D x="60372.33973699505" y="-4386.275184210084" scale="12.919606278278447" rotation="0"/></localToWorld><styleClasses><array><token value="invisible"/></array></styleClasses><width><double value="1074.6268656716418"/></width></zInvisibleFrame><zText><id><string value="29_106421587"/></id><localToWorld><transform2D x="60560.91192444043" y="-4876.132395129176" scale="23.507245805418417" rotation="0"/></localToWorld><styleClasses><array><token value="body"/></array></styleClasses><text><text><width>537.0514038486546</width><p listType="bullet" indent="1"><span><![CDATA[Testing and specification framework for JVM]]></span></p><p listType="bullet" indent="1"><span><![CDATA[Junit runner = CI, IDE support]]></span></p><p listType="bullet" indent="1"><span><![CDATA[Groovy DSL = expressive, terse, readable]]></span></p><p listType="bullet" indent="1"><span><![CDATA[Assertion failures printouts]]></span></p><p listType="bullet" indent="1"><span><![CDATA[Make your specifications look like a your user stories]]></span></p><p listType="bullet" indent="1"><span><![CDATA[Mocking]]></span></p><p listType="bullet" indent="1"><span><![CDATA[Optionally data driven]]></span></p></text></text></zText><zInvisibleFrame><height><double value="600"/></height><id><string value="41_106421587"/></id><localToWorld><transform2D x="62794.87160745813" y="2578.0402262176935" scale="10.13648938904685" rotation="0"/></localToWorld><styleClasses><array><token value="invisible"/></array></styleClasses><width><double value="1074.6268656716418"/></width></zInvisibleFrame><zText><id><string value="37_106421587"/></id><localToWorld><transform2D x="63216.128798305566" y="575.1861535244734" scale="14.365326579522405" rotation="0"/></localToWorld><styleClasses><array><token value="body"/></array></styleClasses><text><text><width>795.1138389851158</width><p><span><![CDATA[testCompile "org.spockframework:spock-core:1.1-groovy-2.4"]]></span></p></text></text></zText><zText><id><string value="38_106421587"/></id><localToWorld><transform2D x="63215.02689615842" y="2768.6094330603864" scale="14.365326579522405" rotation="0"/></localToWorld><styleClasses><array><token value="body"/></array></styleClasses><text><text><width>795.1138389851158</width><p><span><![CDATA[<dependency>]]></span></p><p><span><![CDATA[  <groupId>org.spockframework</groupId>]]></span></p><p><span><![CDATA[  <artifactId>spock-core</artifactId>]]></span></p><p><span><![CDATA[  <version>1.1-groovy-2.4</version>]]></span></p><p><span><![CDATA[  <scope>test</scope>]]></span></p><p><span><![CDATA[</dependency>]]></span></p></text></text></zText><zText><id><string value="39_106421587"/></id><localToWorld><transform2D x="58418.70396020694" y="19.178083706081253" scale="23.507245805418414" rotation="0"/></localToWorld><styleClasses><array><token value="subtitle"/></array></styleClasses><text><text><width>-77.76000000000002</width><p><span><![CDATA[Gradle]]></span></p></text></text></zText><zText><id><string value="40_106421587"/></id><localToWorld><transform2D x="58394.5723031848" y="1322.275809277938" scale="23.507245805418414" rotation="0"/></localToWorld><styleClasses><array><token value="subtitle"/></array></styleClasses><text><text><width>-75.696</width><p><span><![CDATA[Maven]]></span></p></text></text></zText><zText><id><string value="64_106421587"/></id><localToWorld><transform2D x="70803.71679322101" y="7072.599178562166" scale="94.0289832216737" rotation="0"/></localToWorld><styleClasses><array><token value="body"/></array></styleClasses><text><text><width>230.10200219242356</width><p><span><![CDATA[spockframework.io]]></span></p></text></text></zText><zText><id><string value="66_106421587"/></id><localToWorld><transform2D x="-87287.52645646788" y="54973.3648616325" scale="21.49568647000331" rotation="0"/></localToWorld><styleClasses><array><token value="body"/></array></styleClasses><text><text><width>285.33907426219247</width><p><span><![CDATA[* cat to say sorry for the amount of code to follow]]></span></p></text></text></zText><zInvisibleFrame><height><double value="600"/></height><id><string value="67_106421587"/></id><localToWorld><transform2D x="-30330.294743068822" y="101610.72436793255" scale="12.694886038140183" rotation="0"/></localToWorld><styleClasses><array><token value="invisible"/></array></styleClasses><width><double value="1074.6268656716418"/></width></zInvisibleFrame><zText><id><string value="68_106421587"/></id><localToWorld><transform2D x="-31328.87519886869" y="100640.07052014954" scale="23.507245805418425" rotation="0"/></localToWorld><styleClasses><array><token value="body"/></array></styleClasses><text><text><width>417.912</width><p listType="bullet" indent="1"><span><![CDATA[JVM test your webpages using Webdriver]]></span></p><p listType="bullet" indent="1"><span><![CDATA[Groovy DSL]]></span></p><p listType="bullet" indent="1"><span><![CDATA[Spock, JUnit, TestNG, Cucumber]]></span></p><p listType="bullet" indent="1"><span><![CDATA[Can be async]]></span></p><p listType="bullet" indent="1"><span><![CDATA[Headless, remote]]></span></p></text></text></zText><zInvisibleFrame><height><double value="600"/></height><id><string value="69_106421587"/></id><localToWorld><transform2D x="20121.87445630948" y="-108647.30136369415" scale="86.54492400839806" rotation="0"/></localToWorld><styleClasses><array><token value="invisible"/></array></styleClasses><width><double value="1074.6268656716418"/></width></zInvisibleFrame><zImage><assetSourceFilename><string value="Screen Shot 2017-09-05 at 9.45.16 vm..png"/></assetSourceFilename><height><double value="1144"/></height><id><string value="71_106421587"/></id><localToWorld><transform2D x="20375.605790721715" y="-108755.98564547263" scale="46.147224797980854" rotation="0"/></localToWorld><offlineAssetId><string value="4831821653"/></offlineAssetId><onlineAssetId><string value="4831821653"/></onlineAssetId><onlineAssetUrl><string value="http://0103.static.prezi.com.s3.amazonaws.com/media/6/6/c/45df619c9d6dc9ea131c307156305b6d8b046.png"/></onlineAssetUrl><width><double value="2032"/></width></zImage><zText><id><string value="72_106421587"/></id><localToWorld><transform2D x="14711.645104120862" y="-119987.83731267619" scale="188.0579664433474" rotation="0"/></localToWorld><styleClasses><array><token value="title"/></array></styleClasses><text><text><width>-330.192</width><p><span><![CDATA[Living longer and prospering]]></span></p><p><span><![CDATA[with Spock]]></span></p></text></text></zText><zText><id><string value="73_106421587"/></id><localToWorld><transform2D x="49343.84328539423" y="-93408.1664687184" scale="106.15381939619769" rotation="0"/></localToWorld><styleClasses><array><token value="body"/></array></styleClasses><text><text><width>-310.56</width><p align="right"><span><![CDATA[jCentric - 5 September 2017]]></span></p><p align="right"><span><![CDATA[Michael van Niekerk]]></span></p></text></text></zText><zText><id><string value="74_106421587"/></id><localToWorld><transform2D x="-119843.94007630892" y="-40923.40368921409" scale="572.4586489132422" rotation="0"/></localToWorld><styleClasses><array><token value="title"/></array></styleClasses><text><text><width>-118.24800000000002</width><p><span><![CDATA[Thank you]]></span></p></text></text></zText></array></zObjects></prezi>